{"cameraMode":{"drawMode":0,"name":"Shaded","section":"Shading Mode"},"sceneLighting":false,"audioPlay":false,"sceneViewState":{"m_AlwaysRefresh":false,"showFog":true,"showSkybox":false,"showFlares":true,"showImageEffects":true,"showParticleSystems":true,"showVisualEffectGraphs":true,"m_FxEnabled":true},"in2DMode":false,"pivot":{"x":-0.0025103092193603517,"y":0.35750317573547366,"z":0.0003347471356391907},"rotation":{"x":0.18971258401870728,"y":-0.6728100776672363,"z":0.1859007477760315,"w":0.6906577348709106},"size":0.39108261466026308,"orthographic":false}