{"cameraMode":{"drawMode":0,"name":"Shaded","section":"Shading Mode"},"sceneLighting":false,"audioPlay":false,"sceneViewState":{"m_AlwaysRefresh":false,"showFog":true,"showSkybox":false,"showFlares":true,"showImageEffects":true,"showParticleSystems":true,"showVisualEffectGraphs":true,"m_FxEnabled":true},"in2DMode":false,"pivot":{"x":0.001259922981262207,"y":0.20459657907485963,"z":-0.006075471639633179},"rotation":{"x":-0.06670109927654267,"y":0.9251622557640076,"z":-0.3146345913410187,"w":-0.20350784063339234},"size":1.1401324272155762,"orthographic":false}