{"cameraMode":{"drawMode":0,"name":"Shaded","section":"Shading Mode"},"sceneLighting":false,"audioPlay":false,"sceneViewState":{"m_AlwaysRefresh":false,"showFog":true,"showSkybox":false,"showFlares":true,"showImageEffects":true,"showParticleSystems":true,"showVisualEffectGraphs":true,"m_FxEnabled":true},"in2DMode":false,"pivot":{"x":1.1920928955078126e-7,"y":0.8530062437057495,"z":-0.05882294476032257},"rotation":{"x":0.147360160946846,"y":0.014888949692249298,"z":-0.0018657200271263719,"w":0.9890590310096741},"size":1.455580711364746,"orthographic":false}