{"cameraMode":{"drawMode":0,"name":"Shaded","section":"Shading Mode"},"sceneLighting":true,"audioPlay":false,"sceneViewState":{"m_AlwaysRefresh":false,"showFog":true,"showSkybox":true,"showFlares":true,"showImageEffects":true,"showParticleSystems":true,"showVisualEffectGraphs":true,"m_FxEnabled":true},"in2DMode":false,"pivot":{"x":1057.7471923828125,"y":537.4227905273438,"z":-873.3819580078125},"rotation":{"x":-0.049743104726076129,"y":0.028426282107830049,"z":-0.002512758132070303,"w":-0.998518168926239},"size":477.9538879394531,"orthographic":false}