{"cameraMode":{"drawMode":0,"name":"Shaded","section":"Shading Mode"},"sceneLighting":false,"audioPlay":false,"sceneViewState":{"m_AlwaysRefresh":false,"showFog":false,"showSkybox":false,"showFlares":false,"showImageEffects":false,"showParticleSystems":false,"showVisualEffectGraphs":true,"m_FxEnabled":true},"in2DMode":false,"pivot":{"x":0.015743792057037355,"y":0.8849063515663147,"z":0.10328024625778198},"rotation":{"x":-0.02774680033326149,"y":-0.9059243202209473,"z":0.0591764971613884,"w":-0.41861459612846377},"size":1.4762953519821168,"orthographic":false}